{"(single)R@20": 0.7471652068164454, "(single)R@50": 0.7915673176482114, "(single)R@100": 0.8170030666850756, "(single)mR@20": 0.37100834439135666, "(single)mR@50": 0.3999715109055298, "(single)mR@100": 0.43082323505043757, "bbox/AP": 0.29966825965811783, "bbox/AP50": 0.4074723928486838, "bbox/AP75": 0.3390496992466729, "bbox/APs": 0.03967398591054026, "bbox/APm": 0.15741641426285916, "bbox/APl": 0.32764698506286544, "w_rel_mAP": 0.4203119108015472, "w_phr_mAP": 0.4192341712096004, "microR@50": 0.7504901960784313, "score": 0.48591647202014526, "eval_arg": {"data_path": "/mnt/cmlssd004/public_datasets/open-imagev6", "artifact_path": "/mnt/ocr-nfsx1/public/jinbae/EGTR/final_ckpt/egtr__pretrained_detr__SenseTime__deformable-detr__batch__32__epochs__150_50__lr__1e-05_0.0001__open_image__finetune__version_0/batch__64__epochs__50_25__lr__2e-07_2e-06_0.0002__open_image__finetune/version_0", "architecture": "SenseTime/deformable-detr", "num_queries": 200, "split": "test", "eval_batch_size": 1, "eval_single_preds": true, "eval_multiple_preds": false, "logit_adjustment": false, "logit_adj_tau": 0.3, "min_size": 800, "max_size": 1333, "infer_only": false, "num_workers": 4}}